<?xml version="1.0" encoding="utf-8" ?>
<upload application="My Video Uploader" secret="/Users/test/YMU/secret_original.json">
    <video file="/Users/test/Videos/My_Video.mp4" privacy="Public" category="Entertainment">
        <channel id="UChK-iHYx4-4O5ynuzVkUd0gaq7"/>
        <title>Some video title!</title>
        <description>
Lorem ipsum dolor sit amet, consectetur adipiscing elit. Fusce convallis eros nunc, vel molestie tortor blandit sed. Vestibulum eget aliquet odio. Integer eu volutpat lacus, vel finibus leo. Mauris non vehicula purus.  
        </description>
        <thumbnail file="/Users/test/Thumbnails/My_Thumbnail.png"/>         
        <tags>lorem,ipsum,dolor,sit,amet consectetur,adipiscing elit,fusce convallis eros,nunc vel molestie tortor, blandit sed vestibulum</tags>
    </video>
</upload>