﻿<?xml version="1.0" encoding="UTF-8"?>
<upload application="Youtube Mass Uploader" secret="C:\Users\burni\Documents\workstation\BurningpixelCwb\UpYoutube\secret.json">
  <video file="C:\Users\burni\Videos\diferentao\Só +1 segunda feira 06 - Superstição.mp4" privacy="Public" category="Sports">
    <channel id="UC2-pwvZJqYtVbqZAg4Yq60w" />
    <title>Só +1 segunda feira 06 - Superstição</title>
    <description>Este vídeo é um upload realizado de forma automatica. Ainda estamos testando qual a maneira mais adequada de fazermos isso mas pelo que parece está indo tudo muito bem!</description>
    <tags>viva padel, padel, jogadas, jogada padel</tags>
  </video>
  <video file="C:\Users\burni\Videos\diferentao\video_teste.mp4" privacy="Public" category="Sports">
    <channel id="UC2-pwvZJqYtVbqZAg4Yq60w" />
    <title>video_teste</title>
    <description>Este vídeo é um upload realizado de forma automatica. Ainda estamos testando qual a maneira mais adequada de fazermos isso mas pelo que parece está indo tudo muito bem!</description>
    <tags>viva padel, padel, jogadas, jogada padel</tags>
  </video>
</upload>